{
  "count": {
    "age": 5000.0,
    "employment_years": 5000.0,
    "monthly_debt_obligations": 5000.0,
    "market_risk_index": 5000.0,
    "credit_score": 5000.0,
    "total_credit_lines": 5000.0,
    "utilization_rate": 5000.0,
    "days_since_last_delinquency": 5000.0,
    "avg_trans_amount_3m": 5000.0,
    "trans_fail_count": 5000.0,
    "doc_assets_reported": 20.0,
    "doc_verified_income": 20.0,
    "doc_derived_cashflow": 20.0,
    "income_discrepancy": 5000.0,
    "has_financial_stmts": 5000.0,
    "debt_to_assets": 5000.0,
    "payment_to_income": 5000.0,
    "transaction_success_rate": 5000.0,
    "cashflow_coverage": 5000.0
  },
  "mean": {
    "age": 45.2324,
    "employment_years": 20.339543219536,
    "monthly_debt_obligations": 2581.2504114192725,
    "market_risk_index": 49.964158808210605,
    "credit_score": 651.5797886133778,
    "total_credit_lines": 7.5044,
    "utilization_rate": 0.7698452296724855,
    "days_since_last_delinquency": 72.6324,
    "avg_trans_amount_3m": 983.6767155928187,
    "trans_fail_count": 0.4908,
    "doc_assets_reported": 194730.9565,
    "doc_verified_income": 10.872557340418492,
    "doc_derived_cashflow": 9.171526512373367,
    "income_discrepancy": 0.00022483312657467071,
    "has_financial_stmts": 0.004,
    "debt_to_assets": 0.4262451499876583,
    "payment_to_income": 0.40382287396429883,
    "transaction_success_rate": 0.9792849934368,
    "cashflow_coverage": 0.06871113047773794
  },
  "std": {
    "age": 14.138004345499922,
    "employment_years": 13.603574202019793,
    "monthly_debt_obligations": 3917.4631962426897,
    "market_risk_index": 20.658184174307525,
    "credit_score": 97.3361190040647,
    "total_credit_lines": 4.037281333783122,
    "utilization_rate": 0.3486381446512188,
    "days_since_last_delinquency": 171.35311041218245,
    "avg_trans_amount_3m": 983.5739857474317,
    "trans_fail_count": 0.6890648170269709,
    "doc_assets_reported": 189831.394993856,
    "doc_verified_income": 0.8124281031641503,
    "doc_derived_cashflow": 0.3542090387961033,
    "income_discrepancy": 0.004012717451638312,
    "has_financial_stmts": 0.06312524819271509,
    "debt_to_assets": 0.23831780881911402,
    "payment_to_income": 0.3605370336589662,
    "transaction_success_rate": 0.04340831588336069,
    "cashflow_coverage": 1.482136461171526
  },
  "min": {
    "age": 21.0,
    "employment_years": 0.0,
    "monthly_debt_obligations": 10.91826513784933,
    "market_risk_index": 2.390957883018057,
    "credit_score": 322.9784207662807,
    "total_credit_lines": 1.0,
    "utilization_rate": 0.009013333275037,
    "days_since_last_delinquency": -1.0,
    "avg_trans_amount_3m": 0.1405383547693174,
    "trans_fail_count": 0.0,
    "doc_assets_reported": 30680.95,
    "doc_verified_income": 9.60995841929242,
    "doc_derived_cashflow": 8.389737593577747,
    "income_discrepancy": 0.0,
    "has_financial_stmts": 0.0,
    "debt_to_assets": 0.004510605880946851,
    "payment_to_income": 0.002322618226532303,
    "transaction_success_rate": 0.5,
    "cashflow_coverage": 0.0
  },
  "25%": {
    "age": 33.0,
    "employment_years": 8.009534244732434,
    "monthly_debt_obligations": 632.9739806759899,
    "market_risk_index": 36.27702089540659,
    "credit_score": 586.2974654061002,
    "total_credit_lines": 4.0,
    "utilization_rate": 0.48416746651191067,
    "days_since_last_delinquency": 0.0,
    "avg_trans_amount_3m": 281.05990602829644,
    "trans_fail_count": 0.0,
    "doc_assets_reported": 74930.1925,
    "doc_verified_income": 10.263783354972357,
    "doc_derived_cashflow": 9.031932120936128,
    "income_discrepancy": 0.0,
    "has_financial_stmts": 0.0,
    "debt_to_assets": 0.24362971692231822,
    "payment_to_income": 0.14358166930731325,
    "transaction_success_rate": 0.975609756097561,
    "cashflow_coverage": 0.0
  },
  "50%": {
    "age": 45.0,
    "employment_years": 20.512169950135068,
    "monthly_debt_obligations": 1332.7084497537717,
    "market_risk_index": 49.98097224264181,
    "credit_score": 653.0739095173757,
    "total_credit_lines": 8.0,
    "utilization_rate": 0.7781660541233355,
    "days_since_last_delinquency": 0.0,
    "avg_trans_amount_3m": 700.867179015788,
    "trans_fail_count": 0.0,
    "doc_assets_reported": 109326.245,
    "doc_verified_income": 10.641862213720096,
    "doc_derived_cashflow": 9.177329454181994,
    "income_discrepancy": 0.0,
    "has_financial_stmts": 0.0,
    "debt_to_assets": 0.39255881485329847,
    "payment_to_income": 0.29816908094487926,
    "transaction_success_rate": 1.0,
    "cashflow_coverage": 0.0
  },
  "75%": {
    "age": 57.0,
    "employment_years": 32.82508165668206,
    "monthly_debt_obligations": 3025.063986525228,
    "market_risk_index": 63.65376682335424,
    "credit_score": 720.2583176645977,
    "total_credit_lines": 11.0,
    "utilization_rate": 1.1492876206801599,
    "days_since_last_delinquency": 30.0,
    "avg_trans_amount_3m": 1355.8533605192645,
    "trans_fail_count": 1.0,
    "doc_assets_reported": 213086.1775,
    "doc_verified_income": 11.252733675175838,
    "doc_derived_cashflow": 9.403258349192747,
    "income_discrepancy": 0.0,
    "has_financial_stmts": 0.0,
    "debt_to_assets": 0.5795855448127949,
    "payment_to_income": 0.5518423873716279,
    "transaction_success_rate": 1.0,
    "cashflow_coverage": 0.0
  },
  "max": {
    "age": 69.0,
    "employment_years": 40.0,
    "monthly_debt_obligations": 71500.57979025284,
    "market_risk_index": 94.01104330259088,
    "credit_score": 850.0,
    "total_credit_lines": 14.0,
    "utilization_rate": 1.2,
    "days_since_last_delinquency": 730.0,
    "avg_trans_amount_3m": 10636.384145409756,
    "trans_fail_count": 4.0,
    "doc_assets_reported": 654849.15,
    "doc_verified_income": 12.602313709308582,
    "doc_derived_cashflow": 9.697290123346082,
    "income_discrepancy": 0.09901627047208558,
    "has_financial_stmts": 1.0,
    "debt_to_assets": 1.289778574456784,
    "payment_to_income": 3.195056615774455,
    "transaction_success_rate": 1.0,
    "cashflow_coverage": 56.787304828383505
  }
}