{
  "roc_auc": 0.7686326612608664,
  "brier_score": 0.1721888719265644,
  "precision_approve": 0.7782152230971129,
  "recall_default": 0.4783950617283951,
  "prediction_psi": 0.023400004089028745
}