{
    "age_fairness": {
        "Gen Z (<25)": 0.7758284600389863,
        "Young Adult (25-35)": 0.7667009249743063,
        "Adult (35-50)": 0.7848911651728553,
        "Senior (>50)": 0.7628073770491803
    },
    "income_fairness": {
        "Low": 0.7376,
        "Mid-Low": 0.7744,
        "Mid-High": 0.78,
        "High": 0.7952
    }
}